{"loss": [0.3172348737716675, 0.20516718924045563, 0.15911926329135895, 0.14423301815986633, 0.10077978670597076, 0.09456031024456024, 0.06177302077412605, 0.0520467646420002, 0.03975140303373337, 0.03114219382405281, 0.021056637167930603, 0.02835586667060852, 0.021293016150593758, 0.016179759055376053, 0.011801311746239662, 0.007819224148988724, 0.010612353682518005, 0.004382255952805281, 0.023677540943026543, 0.017530271783471107, 0.018585719168186188, 0.013798200525343418, 0.010002468712627888], "accuracy": [0.8606517910957336, 0.9125329256057739, 0.9337407350540161, 0.9402108788490295, 0.9603402614593506, 0.960220456123352, 0.9760364294052124, 0.9799904227256775, 0.9837047457695007, 0.9878984093666077, 0.9934099912643433, 0.9900551438331604, 0.9935298562049866, 0.9947280287742615, 0.9964054822921753, 0.9970045685768127, 0.9970045685768127, 0.9979630708694458, 0.9914929270744324, 0.9952073097229004, 0.9935298562049866, 0.9944883584976196, 0.9970045685768127], "val_loss": [0.2277233600616455, 0.20608946681022644, 0.15939094126224518, 0.17795121669769287, 0.1664067804813385, 0.18557687103748322, 0.2183697372674942, 0.24510684609413147, 0.2598489224910736, 0.2675049304962158, 0.37493523955345154, 0.34667158126831055, 0.34201323986053467, 0.3221212923526764, 0.428149938583374, 0.41489115357398987, 0.36599889397621155, 0.39194419980049133, 0.4302632808685303, 0.34709417819976807, 0.4710257351398468, 0.4460829496383667, 0.39350268244743347], "val_accuracy": [0.9065196514129639, 0.9165867567062378, 0.9367210268974304, 0.9290508031845093, 0.9434323906898499, 0.9443911910057068, 0.9386385679244995, 0.9357622265815735, 0.9395973086357117, 0.938159167766571, 0.9309683442115784, 0.9357622265815735, 0.9434323906898499, 0.9434323906898499, 0.935282826423645, 0.9348034262657166, 0.9405561089515686, 0.9477468729019165, 0.9395973086357117, 0.938159167766571, 0.9151486158370972, 0.935282826423645, 0.9429529905319214]}