{"loss": [0.8289539813995361, 0.21520675718784332, 0.2395300269126892, 0.18690195679664612, 0.1350652426481247, 0.1526181548833847, 0.13322484493255615, 0.1330084651708603, 0.1382337510585785, 0.15553416311740875, 0.11015284061431885, 0.12657947838306427, 0.14507944881916046, 0.10496082901954651, 0.09003402292728424, 0.11639007180929184, 0.12243163585662842, 0.08777051419019699, 0.117576003074646, 0.09419462829828262, 0.08995677530765533, 0.08606723695993423, 0.07617432624101639, 0.12276966124773026, 0.0983191430568695, 0.08689282834529877, 0.09520067274570465, 0.07648953795433044, 0.08284815400838852, 0.07809163630008698, 0.0985836386680603, 0.08342034369707108, 0.08761134743690491, 0.0637924000620842, 0.05589072033762932, 0.09555318206548691, 0.0903240218758583, 0.09723377972841263, 0.06671490520238876, 0.056721530854701996, 0.06192740425467491, 0.07142750173807144, 0.08212852478027344, 0.07332836836576462, 0.06194830685853958, 0.05857006087899208, 0.05244554206728935, 0.057660602033138275, 0.051984045654535294, 0.0461883582174778, 0.057335201650857925, 0.06692207604646683, 0.045213907957077026, 0.03657479211688042, 0.05639144778251648, 0.061027642339468, 0.07011190801858902, 0.0327402725815773, 0.028993001207709312, 0.0428684838116169, 0.05094527825713158, 0.06032050400972366], "accuracy": [0.8389647603034973, 0.9213994741439819, 0.910376250743866, 0.931224524974823, 0.949676513671875, 0.9441648721694946, 0.9527917504310608, 0.9494368433952332, 0.9465612173080444, 0.9424874186515808, 0.960699737071991, 0.9532710313796997, 0.9436855912208557, 0.9616582989692688, 0.9640546441078186, 0.9566259384155273, 0.9532710313796997, 0.9671698808670044, 0.9556673765182495, 0.9628564715385437, 0.9654924273490906, 0.9681284427642822, 0.9683680534362793, 0.9537503123283386, 0.9604601263999939, 0.9659717082977295, 0.9635753631591797, 0.9700455069541931, 0.9674095511436462, 0.9676491618156433, 0.9590222835540771, 0.971004068851471, 0.9645339250564575, 0.9769949913024902, 0.978672444820404, 0.9623771905899048, 0.9623771905899048, 0.9630960822105408, 0.9745985865592957, 0.9810687899589539, 0.978672444820404, 0.9693266153335571, 0.9683680534362793, 0.9717229604721069, 0.9741193652153015, 0.9779534935951233, 0.9774742126464844, 0.9760364294052124, 0.980110228061676, 0.9822669625282288, 0.9772346019744873, 0.9734004139900208, 0.9820272922515869, 0.9868200421333313, 0.9789120554924011, 0.9774742126464844, 0.9707644581794739, 0.9882578253746033, 0.9908938407897949, 0.9829858541488647, 0.980829119682312, 0.9762760400772095], "val_loss": [0.3741436302661896, 0.14601793885231018, 0.4813542068004608, 0.12089522182941437, 0.18681398034095764, 0.10124735534191132, 0.10889437794685364, 0.09609107673168182, 0.21176576614379883, 0.21336491405963898, 0.0929698571562767, 0.1630886197090149, 0.13573603332042694, 0.11808641999959946, 0.11951429396867752, 0.09788612276315689, 0.1105392724275589, 0.10626591742038727, 0.09030286222696304, 0.14249657094478607, 0.13364775478839874, 0.12009182572364807, 0.20325416326522827, 0.19068749248981476, 0.0969291478395462, 0.09129046648740768, 0.12623006105422974, 0.088753342628479, 0.09073609113693237, 0.101496122777462, 0.12240029871463776, 0.09282419085502625, 0.16705182194709778, 0.14999285340309143, 0.09155433624982834, 0.10465966910123825, 0.08934614062309265, 0.1675085574388504, 0.09913387894630432, 0.08921334892511368, 0.09866828471422195, 0.0864141508936882, 0.08821533620357513, 0.10170868039131165, 0.107027567923069, 0.14304615557193756, 0.08979756385087967, 0.10387827455997467, 0.12003780156373978, 0.09058237820863724, 0.104080431163311, 0.19996200501918793, 0.09107509255409241, 0.11583175510168076, 0.11418752372264862, 0.2506047189235687, 0.1599608212709427, 0.09605658054351807, 0.10045225918292999, 0.13638941943645477, 0.1044204831123352, 0.141292005777359], "val_accuracy": [0.8628954887390137, 0.9395973086357117, 0.8092042207717896, 0.9530201554298401, 0.9242569804191589, 0.9654842019081116, 0.9578139781951904, 0.9683604836463928, 0.9194630980491638, 0.9175455570220947, 0.9702780246734619, 0.9280920624732971, 0.947267472743988, 0.9568552374839783, 0.9558964371681213, 0.9674017429351807, 0.9606903195381165, 0.9635666608810425, 0.9674017429351807, 0.951102614402771, 0.9501438140869141, 0.9578139781951904, 0.920421838760376, 0.9395973086357117, 0.9654842019081116, 0.9683604836463928, 0.9501438140869141, 0.9702780246734619, 0.9683604836463928, 0.9654842019081116, 0.9530201554298401, 0.9693192839622498, 0.9395973086357117, 0.945349931716919, 0.9664429426193237, 0.9645254015922546, 0.9702780246734619, 0.9367210268974304, 0.9664429426193237, 0.9654842019081116, 0.9664429426193237, 0.9693192839622498, 0.9702780246734619, 0.9606903195381165, 0.9635666608810425, 0.9520613551139832, 0.9693192839622498, 0.9645254015922546, 0.9597315192222595, 0.9702780246734619, 0.9693192839622498, 0.9290508031845093, 0.9654842019081116, 0.9635666608810425, 0.9616490602493286, 0.9280920624732971, 0.9539788961410522, 0.9664429426193237, 0.9645254015922546, 0.9578139781951904, 0.9664429426193237, 0.9606903195381165]}