{"loss": [0.2339460849761963, 0.17831499874591827, 0.13913816213607788, 0.11542220413684845, 0.08805731683969498, 0.06814590841531754, 0.0450921356678009, 0.030000098049640656, 0.018523994833230972, 0.012604903429746628, 0.016083991155028343, 0.010496756993234158, 0.005082785151898861, 0.0074334223754704, 0.019211485981941223, 0.004932623356580734, 0.0011765002273023129, 0.0003633239830378443, 0.00014758070756215602, 7.875920709921047e-05, 5.400540976552293e-05, 4.081237784703262e-05, 3.242914317524992e-05], "accuracy": [0.8982746005058289, 0.9273903369903564, 0.9426072239875793, 0.9539899230003357, 0.9666906595230103, 0.974718451499939, 0.9832255244255066, 0.9907740354537964, 0.9940090775489807, 0.995566725730896, 0.9944883584976196, 0.9961658120155334, 0.9983225464820862, 0.9980829358100891, 0.9917325377464294, 0.9986820220947266, 0.9996405243873596, 1.0, 1.0, 1.0, 1.0, 1.0, 1.0], "val_loss": [0.24178916215896606, 0.16099630296230316, 0.1524847447872162, 0.15770016610622406, 0.15434901416301727, 0.18941476941108704, 0.19443833827972412, 0.21292470395565033, 0.27643898129463196, 0.3835848569869995, 0.3027496337890625, 0.29647475481033325, 0.33382847905158997, 0.30830371379852295, 0.2692451775074005, 0.3262596130371094, 0.36449602246284485, 0.3759615123271942, 0.37858036160469055, 0.38508957624435425, 0.3916732668876648, 0.3983311653137207, 0.4047916531562805], "val_accuracy": [0.9185042977333069, 0.9391179084777832, 0.9386385679244995, 0.938159167766571, 0.9419942498207092, 0.9333652853965759, 0.9415148496627808, 0.9400767087936401, 0.9304890036582947, 0.9055609107017517, 0.9314477443695068, 0.9391179084777832, 0.9376797676086426, 0.9419942498207092, 0.9343240857124329, 0.9357622265815735, 0.9434323906898499, 0.945349931716919, 0.9463087320327759, 0.945349931716919, 0.9467881321907043, 0.9467881321907043, 0.9463087320327759]}